,classification_type,sentiment_recall,sentiment_prec,sentiment_f2,topic_recall,topic_prec,topic_f2,topic_sent_recall,topic_sent_prec,topic_sent_f2
0,Min1_AllCountry,0.6666666666666666,0.3076923076923077,0.5405405405405406,0.8571428571428571,0.4615384615384616,0.7317073170731707,0.8571428571428571,0.5,0.75
0,Min2_AllCountry,0.75,0.5,0.6818181818181818,0.8,0.4444444444444444,0.6896551724137931,0.8,0.8,0.8
0,Min1,0.6666666666666666,0.3076923076923077,0.5405405405405406,0.8571428571428571,0.4615384615384616,0.7317073170731707,0.8571428571428571,0.5,0.75
0,Min2,0.75,0.5,0.6818181818181818,0.8,0.4444444444444444,0.6896551724137931,0.8,0.8,0.8
0,Min3,0.25,0.14285714285714285,0.21739130434782608,0.5,0.5,0.5,0.5,0.5,0.5
0,Min5,0.0,,0.0,0.0,,0.0,0.0,,0.0
0,Min3_Max0,0.6,0.75,0.625,0.5,0.4,0.4761904761904762,0.25,0.25,0.25
0,Min1_Max2_sum,0.0,,0.0,0.0,,0.0,0.0,,0.0
0,Min1_Top1,0.0,,0.0,0.0,,0.0,0.0,,0.0
0,Min3_Top1,0.0,,0.0,0.0,,0.0,0.0,,0.0
0,Min1_Top3,0.0,,0.0,0.0,,0.0,0.0,,0.0
0,Min1_FullDoc,0.6666666666666666,0.4444444444444444,0.6060606060606061,0.5,0.25,0.4166666666666667,0.6,0.3,0.5
0,Min2_FullDoc,0.8571428571428571,0.5,0.75,0.8571428571428571,0.5,0.75,0.875,0.5833333333333334,0.7954545454545454
0,Min3_FullDoc,0.6,0.5,0.5769230769230769,0.4,0.4,0.4,0.6,0.6,0.6
0,Min1_100topic_AvoidSport_Over5,0.6666666666666666,0.4444444444444444,0.6060606060606061,0.5,0.25,0.4166666666666667,0.6,0.3,0.5
0,Min1_100topic_AvoidSelect_Over5,0.8,0.3636363636363637,0.6451612903225806,0.5,0.25,0.4166666666666667,0.8,0.4,0.6666666666666666
