,recall,precision,fscore,tp,fp,fn,sentiment_def
0,0.4,0.1,0.25,2,18,3,fed_neg
1,0.25,0.07692307692307693,0.1724137931034483,1,12,3,w2v_pos
2,0.4,0.09090909090909091,0.23809523809523808,2,20,3,w2v_neg
3,0.8,0.2222222222222222,0.5263157894736842,4,14,1,w2v_refined_2_pos
4,0.5,0.1111111111111111,0.29411764705882354,3,24,3,w2v_refined_2_neg
5,0.6666666666666666,0.23529411764705882,0.4878048780487805,4,13,2,num_doc
