,recall,precision,fscore,tp,fp,fn
argentina,0.5,0.3,0.4411764705882353,3.0,7.0,3.0
aggregate,0.5,0.3,0.4411764705882353,3.0,7.0,3.0
