,recall,precision,fscore,tp,fp,fn
argentina,0.5,0.25,0.4166666666666667,2.0,6.0,2.0
aggregate,0.5,0.25,0.4166666666666667,2.0,6.0,2.0
