,recall,precision,fscore,tp,fp,fn
argentina,0.5,0.25,0.4166666666666667,3.0,9.0,3.0
aggregate,0.5,0.25,0.4166666666666667,3.0,9.0,3.0
