,recall,precision,fscore,tp,fp,fn
argentina,0.4,0.18181818181818182,0.3225806451612903,2.0,9.0,3.0
aggregate,0.4,0.18181818181818182,0.3225806451612903,2.0,9.0,3.0
