,recall,precision,fscore,tp,fp,fn
argentina,0.75,0.3333333333333333,0.6,6.0,12.0,2.0
aggregate,0.75,0.3333333333333333,0.6,6.0,12.0,2.0
