,recall,precision,fscore,tp,fp,fn
argentina,0.6,0.2727272727272727,0.4838709677419355,3.0,8.0,2.0
aggregate,0.6,0.2727272727272727,0.4838709677419355,3.0,8.0,2.0
