,recall,precision,fscore,tp,fp,fn
argentina,0.6,0.2,0.42857142857142855,3.0,12.0,2.0
aggregate,0.6,0.2,0.42857142857142855,3.0,12.0,2.0
