,recall,precision,fscore,tp,fp,fn
argentina,0.5,0.23076923076923078,0.40540540540540543,3.0,10.0,3.0
aggregate,0.5,0.23076923076923078,0.40540540540540543,3.0,10.0,3.0
