,recall,precision,fscore,tp,fp,fn
argentina,0.6666666666666666,0.2857142857142857,0.5263157894736842,4.0,10.0,2.0
bolivia,1.0,0.1111111111111111,0.38461538461538464,2.0,16.0,0.0
brazil,0.7142857142857143,0.35714285714285715,0.5952380952380952,5.0,9.0,2.0
chile,1.0,0.18181818181818182,0.5263157894736842,2.0,9.0,0.0
colombia,1.0,0.0625,0.25,1.0,15.0,0.0
aggregate,0.7777777777777778,0.1917808219178082,0.4827586206896552,14.0,59.0,4.0
