,recall,precision,fscore,tp,fp,fn
argentina,0.875,0.5384615384615384,0.7777777777777778,7.0,6.0,1.0
bolivia,1.0,0.16666666666666666,0.5,2.0,10.0,0.0
brazil,0.8571428571428571,0.46153846153846156,0.7317073170731707,6.0,7.0,1.0
chile,0.0,0.0,0.0,0.0,4.0,1.0
colombia,1.0,0.1111111111111111,0.38461538461538464,1.0,8.0,0.0
aggregate,0.8421052631578947,0.3137254901960784,0.6299212598425197,16.0,35.0,3.0
