,recall,precision,fscore,tp,fp,fn
argentina,0.6666666666666666,0.4,0.5882352941176471,4.0,6.0,2.0
bolivia,1.0,0.25,0.625,3.0,9.0,0.0
brazil,1.0,0.5714285714285714,0.8695652173913043,8.0,6.0,0.0
chile,0.0,0.0,0.0,0.0,8.0,1.0
colombia,1.0,0.2,0.5555555555555556,2.0,8.0,0.0
aggregate,0.85,0.3148148148148148,0.6343283582089553,17.0,37.0,3.0
