,recall,precision,fscore,tp,fp,fn
argentina,0.875,0.5,0.7608695652173914,7.0,7.0,1.0
bolivia,1.0,0.2727272727272727,0.6521739130434783,3.0,8.0,0.0
brazil,0.8571428571428571,0.42857142857142855,0.7142857142857143,6.0,8.0,1.0
chile,0.0,0.0,0.0,0.0,5.0,1.0
colombia,1.0,0.125,0.4166666666666667,1.0,7.0,0.0
aggregate,0.85,0.3269230769230769,0.6439393939393939,17.0,35.0,3.0
