,recall,precision,fscore,tp,fp,fn
argentina,0.8571428571428571,0.46153846153846156,0.7317073170731707,6.0,7.0,1.0
bolivia,1.0,0.2777777777777778,0.6578947368421053,5.0,13.0,0.0
brazil,0.7142857142857143,0.35714285714285715,0.5952380952380952,5.0,9.0,2.0
chile,0.0,0.0,0.0,0.0,11.0,1.0
colombia,1.0,0.07142857142857142,0.2777777777777778,1.0,13.0,0.0
aggregate,0.8095238095238095,0.24285714285714285,0.551948051948052,17.0,53.0,4.0
