,recall,precision,fscore,tp,fp,fn
argentina,0.8571428571428571,0.5,0.75,6.0,6.0,1.0
bolivia,1.0,0.07692307692307693,0.29411764705882354,1.0,12.0,0.0
brazil,1.0,0.5,0.8333333333333334,8.0,8.0,0.0
chile,0.0,0.0,0.0,0.0,3.0,1.0
colombia,1.0,0.1111111111111111,0.38461538461538464,1.0,8.0,0.0
aggregate,0.8888888888888888,0.3018867924528302,0.64,16.0,37.0,2.0
