,recall,precision,fscore,tp,fp,fn
argentina,0.75,0.6,0.7142857142857143,6.0,4.0,2.0
bolivia,1.0,0.07692307692307693,0.29411764705882354,1.0,12.0,0.0
brazil,1.0,0.5384615384615384,0.8536585365853658,7.0,6.0,0.0
chile,0.0,0.0,0.0,0.0,4.0,1.0
colombia,1.0,0.1111111111111111,0.38461538461538464,1.0,8.0,0.0
aggregate,0.8333333333333334,0.30612244897959184,0.6198347107438017,15.0,34.0,3.0
