,recall,precision,fscore,tp,fp,fn
argentina,0.6666666666666666,0.3076923076923077,0.5405405405405406,4.0,9.0,2.0
bolivia,1.0,0.26666666666666666,0.6451612903225806,4.0,11.0,0.0
brazil,1.0,0.5,0.8333333333333334,8.0,8.0,0.0
chile,0.0,0.0,0.0,0.0,12.0,1.0
colombia,0.0,0.0,0.0,0.0,8.0,1.0
aggregate,0.8,0.25,0.5555555555555556,16.0,48.0,4.0
