,recall,precision,fscore,tp,fp,fn
argentina,0.875,0.5384615384615384,0.7777777777777778,7.0,6.0,1.0
bolivia,1.0,0.16666666666666666,0.5,2.0,10.0,0.0
brazil,1.0,0.5333333333333333,0.851063829787234,8.0,7.0,0.0
chile,0.0,0.0,0.0,0.0,7.0,1.0
colombia,1.0,0.1,0.35714285714285715,1.0,9.0,0.0
aggregate,0.9,0.3157894736842105,0.656934306569343,18.0,39.0,2.0
