,recall,precision,fscore,tp,fp,fn
argentina,0.8888888888888888,0.5714285714285714,0.8,8.0,6.0,1.0
bolivia,1.0,0.36363636363636365,0.7407407407407407,4.0,7.0,0.0
brazil,1.0,0.4666666666666667,0.813953488372093,7.0,8.0,0.0
chile,0.0,0.0,0.0,0.0,13.0,1.0
colombia,1.0,0.18181818181818182,0.5263157894736842,2.0,9.0,0.0
aggregate,0.9130434782608695,0.328125,0.6730769230769231,21.0,43.0,2.0
