,recall,precision,fscore,tp,fp,fn
argentina,0.6,0.23076923076923078,0.45454545454545453,3.0,10.0,2.0
aggregate,0.6,0.23076923076923078,0.45454545454545453,3.0,10.0,2.0
