,recall,precision,fscore,tp,fp,fn
argentina,0.5,0.14285714285714285,0.3333333333333333,2.0,12.0,2.0
aggregate,0.5,0.14285714285714285,0.3333333333333333,2.0,12.0,2.0
