,recall,precision,fscore,tp,fp,fn
argentina,0.25,0.125,0.20833333333333334,1.0,7.0,3.0
aggregate,0.25,0.125,0.20833333333333334,1.0,7.0,3.0
