,recall,precision,fscore,tp,fp,fn
argentina,0.6,0.42857142857142855,0.5555555555555556,3.0,4.0,2.0
aggregate,0.6,0.42857142857142855,0.5555555555555556,3.0,4.0,2.0
